Model,Feature Set,Threshold,Accuracy,Balanced Accuracy,AUROC,Precision,Recall,F1-score
All features + GA seed 42,48 features,0.5,0.6723300970873787,0.5474662388019789,0.6101083032490975,0.5,0.18518518518518517,0.2702702702702703
BBCA + global indices,46 features,0.5,0.6601941747572816,0.5365423184917769,0.6066853857467577,0.4528301886792453,0.17777777777777778,0.2553191489361702
All features,96 features,0.5,0.6407766990291263,0.5012167402059099,0.5980746089049338,0.3333333333333333,0.0962962962962963,0.14942528735632185
Frequent GA >= 60%,40 features,0.5,0.6504854368932039,0.5217275036769622,0.590239336809734,0.40816326530612246,0.14814814814814814,0.21739130434782608
BBCA + peer banking,46 features,0.5,0.6577669902912622,0.5347372643401525,0.5863618130766145,0.4444444444444444,0.17777777777777778,0.25396825396825395
BBCA + USD/IDR,26 features,0.5,0.6504854368932039,0.5293221018852787,0.5813344029950529,0.42105263157894735,0.17777777777777778,0.25
BBCA only,16 features,0.5,0.6456310679611651,0.5238133440299505,0.5617328519855596,0.40350877192982454,0.17037037037037037,0.23958333333333334
BBCA + IHSG,26 features,0.5,0.633495145631068,0.5261799705843028,0.5404465837678833,0.3918918918918919,0.21481481481481482,0.27751196172248804
