Scenario,Train Ratio,Train Rows,Test Rows,Baseline RF AUROC,Baseline RF Balanced Accuracy,Baseline RF F1,Mean GA AUROC,Std GA AUROC,Mean GA Balanced Accuracy,Mean GA F1,Std GA F1,Best Validation Seed,Best Test Seed,Best Test AUROC
80/20,0.8,1644,412,0.5980746089049338,0.5012167402059099,0.14942528735632185,0.6038186923385479,0.005580836370818941,0.5334670410482685,0.23961005503280158,0.021730717150602083,21,123,0.6107233587377991
75/25,0.75,1542,514,0.5747606019151847,0.5047708618331054,0.11822660098522167,0.5974247606019152,0.007603366057470372,0.5162585499316006,0.15662021881274574,0.03242534384405044,99,99,0.6099521203830368
70/30,0.7,1439,617,0.5880097801832597,0.52344751459906,0.13043478260869565,0.5810188482172529,0.014234557714942322,0.5197039832882305,0.15704430331074093,0.021684414338432066,123,123,0.6066918292740825
