Model,Feature Set,Threshold,Accuracy,Balanced Accuracy,AUROC,Precision,Recall,F1-score,Default Threshold,Validation Balanced Accuracy,Validation F1-score,Optimization Metric
Baseline RF (tuned threshold),All features,0.31,0.4587378640776699,0.5557026340419842,0.5980746089049338,0.35987261146496813,0.837037037037037,0.5033407572383074,0.5,0.5422619047619047,0.36633663366336633,Balanced Accuracy
RF + GA seed 42 (tuned threshold),GA seed 42 features,0.32,0.5169902912621359,0.581936087712261,0.6101083032490975,0.38235294117647056,0.7703703703703704,0.5110565110565111,0.5,0.5693452380952381,0.39378238341968913,Balanced Accuracy
Baseline SVM (tuned threshold),All features,0.31,0.4368932038834951,0.5337611980211258,0.5386549003877523,0.3470031545741325,0.8148148148148148,0.48672566371681414,0.5,0.5529761904761905,0.44106463878326996,Balanced Accuracy
